TradeID,Side,TimeUpdated,TradeStatus,Product,Qty,Price,Firm,Entitlement
1000,B,2016-02-07,Completed,Oyope,211,839,Voonte,3
1001,B,2016-01-27,InCompleted,Zooxo,131,557,Buzzster,2
1002,B,2016-06-28,Completed,Buzzster,58,1133,Quinu,2
1003,B,2015-12-23,Completed,Yakitri,122,786,Divape,3
1004,B,2016-07-08,Completed,Yacero,343,664,Yabox,3
1005,S,2016-01-01,InCompleted,Youbridge,52,869,Mita,2
1006,S,2016-03-27,InCompleted,Tagcat,283,1180,Lazz,3
1007,B,2016-08-08,InCompleted,Rooxo,400,96,Twinte,3
1008,B,2016-03-21,Completed,Zoomzone,82,1097,Skiptube,2
1009,S,2015-11-22,Completed,Jabbersphere,179,1256,Feedfish,2
1010,B,2016-08-17,Completed,Vinte,239,1279,Divanoodle,3
1011,B,2015-08-31,Completed,Skippad,441,1530,Linklinks,2
1012,B,2015-11-14,InCompleted,Skaboo,262,304,Wordify,3
1013,S,2016-02-20,Completed,Kwinu,267,1152,Livepath,3
1014,B,2015-10-06,InCompleted,Linklinks,367,973,Dynabox,2
1015,S,2016-03-12,InCompleted,Centidel,101,900,Browsezoom,3
1016,S,2016-04-25,InCompleted,Twinder,55,103,Fliptune,2
1017,S,2016-05-20,Completed,Tanoodle,233,318,Skajo,1
1018,S,2015-11-05,InCompleted,Camido,463,175,Edgewire,3
1019,B,2016-08-25,InCompleted,Zoonder,123,894,Eare,2
1020,B,2015-12-15,Completed,Thoughtsphere,221,411,Jatri,3
1021,S,2016-02-12,InCompleted,Divanoodle,275,1041,Fanoodle,2
1022,B,2016-08-26,InCompleted,Youspan,440,590,Dabshots,3
1023,S,2015-09-08,InCompleted,Wikibox,190,1111,Thoughtmix,3
1024,B,2016-04-08,InCompleted,Browsezoom,3,1236,Thoughtbeat,3
1025,B,2016-06-10,InCompleted,Leexo,371,1232,Divavu,2
1026,S,2016-05-18,Completed,Wordtune,466,1230,Roodel,1
1027,B,2016-07-11,Completed,Eazzy,298,637,Teklist,3
1028,B,2016-06-23,InCompleted,Pixoboo,420,501,Youtags,2
1029,B,2016-03-15,Completed,Yodel,51,1092,Skiptube,1
1030,S,2015-11-27,InCompleted,Edgeblab,169,1519,Buzzdog,1
1031,B,2016-03-19,Completed,Gabcube,213,1251,Skipfire,3
1032,B,2016-05-04,Completed,Jetpulse,303,987,Fatz,1
1033,B,2016-05-29,Completed,Vinte,327,203,Ainyx,1
1034,S,2016-05-01,Completed,Feedbug,451,166,Jaxspan,1
1035,B,2016-07-15,InCompleted,Trunyx,282,1550,Devshare,2
1036,S,2016-02-16,Completed,Abatz,14,974,Thoughtblab,3
1037,S,2016-04-09,Completed,Fatz,471,824,Cogidoo,2
1038,S,2016-07-24,InCompleted,Wikido,489,582,Tagtune,3
1039,S,2016-03-27,InCompleted,Tagtune,243,923,Skidoo,2
1040,B,2016-06-10,InCompleted,Wordtune,427,751,Bluezoom,3
1041,B,2016-02-24,Completed,Gigabox,45,324,Aimbo,2
1042,S,2016-04-15,InCompleted,Devify,307,495,Mycat,3
1043,S,2016-02-29,Completed,Oyoyo,98,1478,Jaxbean,1
1044,B,2016-06-25,Completed,Wordware,151,223,Oyonder,3
1045,B,2016-07-20,InCompleted,Kwimbee,92,1272,Flipbug,3
1046,B,2016-01-20,Completed,Voolia,385,1393,Roodel,1
1047,S,2015-10-09,Completed,Mydo,236,1369,Devcast,1
1048,B,2015-12-15,Completed,Kazu,410,453,Blogspan,1
1049,B,2015-11-04,Completed,Fiveclub,106,179,Youspan,2
1050,S,2015-12-25,Completed,Gabtype,329,620,Zoomzone,1
1051,S,2015-12-14,Completed,Zoombox,297,787,Quamba,3
1052,B,2015-11-05,Completed,Tazz,232,962,Minyx,3
1053,S,2016-05-16,InCompleted,Meevee,227,1218,Thoughtstorm,3
1054,B,2016-07-17,Completed,Skyvu,119,772,Tazzy,3
1055,B,2016-03-30,Completed,Jaloo,73,789,Skimia,3
1056,S,2015-09-08,InCompleted,Jaxbean,364,329,Eabox,3
1057,S,2015-11-25,Completed,Divanoodle,376,617,Zoovu,3
1058,B,2015-11-30,InCompleted,Yoveo,443,755,Dabvine,3
1059,S,2015-08-31,InCompleted,Linktype,499,525,DabZ,3
1060,S,2016-07-17,Completed,Yodo,403,440,Voonyx,1
1061,S,2015-10-17,Completed,Trudoo,35,53,Digitube,1
1062,B,2016-05-27,InCompleted,Topiclounge,158,1264,Midel,3
1063,S,2016-06-17,InCompleted,Vidoo,135,1045,Tazzy,2
1064,B,2015-09-20,InCompleted,Twiyo,33,444,Zoozzy,1
1065,S,2016-04-28,InCompleted,Vinder,101,1331,Fliptune,3
1066,S,2016-08-02,InCompleted,Browsedrive,439,134,Yoveo,3
1067,B,2016-02-14,Completed,Bubblebox,22,167,Quatz,3
1068,S,2016-03-14,InCompleted,Youspan,57,720,Tambee,3
1069,S,2016-07-09,InCompleted,Rhynoodle,116,90,Gigabox,3
1070,B,2015-12-14,Completed,Skippad,424,574,Flashspan,1
1071,B,2016-01-09,Completed,Devshare,134,69,Vinte,1
1072,S,2015-12-30,Completed,Agivu,45,24,Quimba,2
1073,S,2015-11-05,InCompleted,Livefish,64,1346,LiveZ,3
1074,B,2016-08-11,InCompleted,Fatz,117,1445,Skyvu,3
1075,B,2016-05-15,Completed,Browseblab,321,548,Aimbo,3
1076,S,2015-11-23,Completed,Twimbo,108,990,Riffpedia,1
1077,S,2016-03-09,InCompleted,Aimbu,285,440,Lazz,2
1078,S,2016-05-09,InCompleted,Meedoo,103,883,Edgeify,3
1079,S,2015-09-09,Completed,Skyvu,377,266,Feedmix,1
1080,B,2016-08-25,Completed,Topicstorm,61,791,Riffpath,2
1081,S,2016-08-04,Completed,Quamba,432,718,Eazzy,2
1082,B,2016-07-24,InCompleted,Photojam,198,1510,Zoozzy,1
1083,S,2016-01-10,InCompleted,Brainbox,179,1331,Yakijo,1
1084,B,2016-06-10,Completed,Flipbug,243,622,Eabox,1
1085,B,2016-01-12,InCompleted,DabZ,310,1427,Fivespan,2
1086,B,2015-10-14,InCompleted,Einti,112,598,Tagchat,2
1087,S,2016-04-25,Completed,Meetz,364,1264,Voolia,3
1088,S,2015-12-26,InCompleted,Devshare,300,786,Feednation,1
1089,S,2016-08-22,Completed,Geba,120,140,Kare,3
1090,B,2016-05-22,InCompleted,Chatterbridge,304,927,Leenti,3
1091,S,2016-08-01,Completed,Nlounge,105,162,Thoughtstorm,3
1092,S,2016-08-19,Completed,Twitternation,75,167,Buzzbean,2
1093,B,2015-12-30,InCompleted,Bubblebox,469,555,Vitz,2
1094,S,2015-11-04,InCompleted,Voonder,335,305,LiveZ,2
1095,S,2016-05-31,InCompleted,Feedmix,254,686,Zoombox,3
1096,B,2015-10-31,InCompleted,Yadel,328,399,Blogpad,2
1097,B,2016-06-12,Completed,Edgepulse,463,1226,Vidoo,1
1098,S,2016-05-25,Completed,Edgewire,146,1469,Blognation,3
1099,S,2015-10-30,InCompleted,Gigazoom,354,324,Photobean,3
1100,S,2016-02-15,Completed,Izio,55,1241,Wikibox,2
1101,S,2016-03-18,InCompleted,Katz,187,1346,Jabbertype,3
1102,B,2015-12-19,Completed,Lajo,408,1275,Oyoloo,2
1103,S,2015-12-12,InCompleted,Brainsphere,46,252,Buzzshare,1
1104,S,2016-06-08,Completed,Aimbo,361,248,Zoozzy,3
1105,S,2016-06-17,Completed,Realmix,484,799,Muxo,3
1106,B,2016-01-23,InCompleted,Gigazoom,468,536,Eazzy,3
1107,S,2016-05-01,InCompleted,Aibox,225,1172,Dynabox,3
1108,B,2015-12-23,Completed,Eidel,285,947,Aivee,3
1109,B,2016-02-20,InCompleted,Zooxo,98,339,Thoughtmix,3
1110,B,2016-06-04,InCompleted,Zoombox,91,279,Ooba,3
1111,S,2016-05-12,InCompleted,Lazz,302,842,Thoughtmix,1
1112,S,2015-10-20,Completed,Gabcube,478,1378,Izio,1
1113,B,2015-09-18,Completed,Talane,443,380,Brainbox,2
1114,B,2016-05-20,Completed,Izio,193,345,Devpulse,3
1115,S,2015-09-09,Completed,Jazzy,290,689,Tagopia,2
1116,S,2016-02-10,InCompleted,LiveZ,471,551,Quimba,2
1117,B,2016-03-29,InCompleted,Photofeed,433,1256,Linktype,1
1118,B,2015-10-12,Completed,Flipbug,325,1102,Mita,3
1119,S,2016-08-11,Completed,Browsezoom,76,1509,Chatterbridge,3
1120,B,2016-02-03,InCompleted,Avaveo,324,1434,Meetz,1
1121,S,2016-07-27,InCompleted,Zoomcast,492,201,Voolia,2
1122,S,2016-04-26,Completed,Flipstorm,397,1248,Trilia,3
1123,B,2016-05-02,InCompleted,Quatz,63,339,Jazzy,3
1124,B,2016-06-03,Completed,Gabtune,201,1364,Skimia,1
1125,S,2016-07-12,InCompleted,Edgetag,379,412,Kwilith,3
1126,S,2016-08-10,InCompleted,Divape,369,1244,Vinder,3
1127,S,2016-04-15,Completed,Katz,111,825,Agivu,2
1128,S,2016-02-27,Completed,Babbleblab,170,1426,Bubblemix,3
1129,B,2015-10-13,Completed,Divanoodle,285,1519,Flashpoint,3
1130,B,2016-06-26,InCompleted,Blogspan,437,793,Photofeed,3
1131,S,2016-03-11,Completed,Skinte,189,1445,Trilith,1
1132,S,2015-11-30,InCompleted,Ozu,173,1410,Mynte,3
1133,B,2016-01-12,InCompleted,Wordware,422,911,Jamia,3
1134,B,2015-11-07,InCompleted,Feedfire,115,877,Katz,3
1135,B,2016-05-21,InCompleted,Mita,423,1384,Omba,1
1136,B,2016-08-06,Completed,Innojam,316,227,Blogtags,3
1137,B,2016-01-27,InCompleted,Buzzshare,91,931,Shuffletag,3
1138,B,2015-10-22,Completed,Topiczoom,437,1088,Podcat,2
1139,B,2016-07-15,Completed,Twinder,346,706,Izio,3
1140,B,2016-06-14,Completed,Ailane,493,1520,Eadel,2
1141,B,2015-12-31,InCompleted,Aibox,365,161,Eare,3
1142,B,2016-07-14,InCompleted,Meeveo,390,166,Dabvine,2
1143,B,2016-05-19,InCompleted,Quatz,452,506,Oodoo,3
1144,B,2016-03-04,InCompleted,Jatri,173,451,Skyba,2
1145,S,2016-05-08,InCompleted,Browsecat,340,1309,Gabtune,1
1146,S,2015-12-19,InCompleted,Browsetype,470,906,Voolith,3
1147,S,2015-11-07,Completed,Zoozzy,138,240,Quamba,3
1148,S,2016-06-23,InCompleted,Latz,389,939,Jetpulse,2
1149,S,2016-02-08,Completed,Muxo,113,958,Leenti,3
1150,B,2016-08-15,InCompleted,Voonte,440,1325,Yata,3
1151,S,2015-09-10,InCompleted,Yadel,320,132,Brainlounge,3
1152,B,2015-12-28,Completed,Nlounge,160,1322,Voomm,1
1153,S,2016-02-02,InCompleted,Livepath,132,1183,Divanoodle,3
1154,B,2016-01-04,InCompleted,Feednation,370,874,Cogibox,1
1155,S,2016-07-23,InCompleted,Tazzy,183,1111,Twitternation,3
1156,S,2015-09-10,InCompleted,Demivee,210,668,Vipe,2
1157,B,2016-02-19,InCompleted,Feednation,480,553,Yotz,2
1158,B,2015-11-02,Completed,Edgepulse,465,911,Browsezoom,3
1159,B,2016-07-21,Completed,Realbuzz,34,1071,Yozio,1
1160,B,2016-01-15,Completed,Ailane,114,841,Zoomdog,1
1161,B,2016-06-30,InCompleted,Zava,208,486,Wikizz,3
1162,B,2016-08-23,InCompleted,Rhynyx,247,1208,Tagpad,2
1163,S,2016-05-02,InCompleted,Talane,235,799,Dabtype,3
1164,S,2015-12-14,Completed,Yodel,495,1359,Chatterbridge,3
1165,S,2016-06-09,InCompleted,Photobean,470,92,Oyoloo,3
1166,S,2016-02-05,InCompleted,Browsebug,362,1345,Topiczoom,2
1167,B,2016-05-24,InCompleted,Camimbo,290,723,Ainyx,1
1168,B,2016-04-12,InCompleted,Miboo,68,1272,Blogtags,3
1169,S,2016-01-21,InCompleted,Miboo,115,573,Yodoo,2
1170,B,2016-04-27,InCompleted,Tazz,301,1255,Gabvine,3
1171,B,2016-05-20,Completed,Skalith,93,503,Gigashots,2
1172,B,2015-10-16,InCompleted,Flashpoint,140,946,Thoughtstorm,1
1173,B,2016-06-10,InCompleted,Edgeblab,353,620,Bubbletube,1
1174,S,2016-07-11,Completed,Voomm,13,102,Twinder,2
1175,S,2016-07-25,InCompleted,Jabbercube,53,492,Meevee,2
1176,B,2016-04-02,InCompleted,Roomm,247,752,Voonix,1
1177,S,2016-05-11,InCompleted,Jayo,136,934,Talane,1
1178,S,2016-01-09,Completed,Quatz,21,677,Brightbean,3
1179,S,2015-12-24,Completed,Topicware,455,1398,Jayo,3
1180,B,2016-04-02,InCompleted,Gigazoom,383,761,Chatterbridge,1
1181,B,2015-12-10,InCompleted,Tekfly,350,646,Gabspot,2
1182,S,2016-05-04,InCompleted,Midel,84,1510,Bubblebox,3
1183,S,2016-05-18,InCompleted,Tazz,165,1439,Podcat,2
1184,S,2016-08-27,InCompleted,Kare,421,35,Browsetype,1
1185,S,2016-03-15,Completed,Twinte,168,1409,Dabfeed,1
1186,S,2016-03-18,Completed,Livepath,341,1155,Dynabox,3
1187,S,2016-05-14,Completed,Muxo,353,1443,Twimm,3
1188,B,2015-09-04,Completed,Oyonder,91,1322,Meevee,3
1189,S,2016-02-04,Completed,Gigashots,198,855,Zoonoodle,2
1190,S,2016-01-21,InCompleted,Kazu,158,411,Wordpedia,1
1191,S,2016-02-13,Completed,Browsebug,232,539,Blogpad,1
1192,B,2016-02-17,Completed,Pixoboo,158,1153,Eidel,3
1193,S,2015-09-23,InCompleted,Brightbean,174,1377,Eare,3
1194,B,2016-04-13,InCompleted,Photolist,239,1071,InnoZ,1
1195,B,2015-10-02,InCompleted,Dazzlesphere,228,1003,Flashspan,3
1196,B,2016-06-30,InCompleted,Skynoodle,59,1112,Talane,2
1197,B,2016-03-17,InCompleted,Skinder,488,982,Miboo,2
1198,B,2016-08-13,InCompleted,Topicshots,196,871,Snaptags,2
1199,B,2016-02-11,Completed,Vinder,54,688,Kare,1
1200,S,2016-01-22,InCompleted,Kaymbo,275,902,Quaxo,2
1201,S,2015-09-12,InCompleted,Linkbuzz,373,8,Fatz,2
1202,B,2016-06-27,Completed,Mydo,427,475,Lazz,2
1203,S,2016-05-28,Completed,Meeveo,492,1476,Centizu,3
1204,S,2016-01-20,InCompleted,Thoughtbridge,453,732,Edgeblab,3
1205,S,2015-09-29,Completed,Thoughtstorm,86,638,Katz,3
1206,B,2016-07-18,Completed,Meedoo,286,429,LiveZ,3
1207,S,2015-12-17,InCompleted,Brainbox,273,1168,Zoovu,2
1208,B,2016-06-06,Completed,Demizz,468,508,Quire,3
1209,B,2015-09-13,Completed,Oyope,163,1047,Zoomdog,3
1210,B,2016-07-10,InCompleted,Voonyx,305,39,Zoomdog,1
1211,S,2016-05-10,InCompleted,Feedspan,121,1176,Ooba,3
1212,B,2016-08-20,Completed,Meejo,209,1389,LiveZ,3
1213,B,2016-01-14,Completed,Jamia,480,1020,Gabcube,2
1214,S,2016-08-10,Completed,Thoughtstorm,475,466,Tazzy,2
1215,S,2015-09-15,Completed,Izio,320,941,Flipopia,3
1216,B,2016-04-25,Completed,Mymm,373,1205,Rhyzio,1
1217,S,2016-06-18,InCompleted,Thoughtbridge,173,42,Voonyx,1
1218,B,2015-11-23,Completed,Jetwire,426,361,Layo,3
1219,S,2016-07-28,Completed,Centidel,125,749,Devpoint,2
1220,S,2016-06-09,InCompleted,Teklist,175,525,Innojam,3
1221,S,2015-12-06,InCompleted,Yodo,457,833,Devpoint,2
1222,B,2015-12-23,InCompleted,Wordpedia,36,1370,Vimbo,1
1223,B,2016-01-17,Completed,Brainlounge,195,607,Kwimbee,1
1224,S,2016-02-25,Completed,Thoughtworks,211,1237,Bubbletube,1
1225,S,2016-02-26,InCompleted,Centidel,359,385,Bubbletube,1
1226,S,2016-04-19,Completed,Brainbox,288,838,Tagpad,2
1227,B,2016-06-10,InCompleted,Brainbox,416,951,Brightbean,1
1228,B,2016-07-03,InCompleted,Bubblebox,373,1084,Skimia,2
1229,S,2016-01-04,InCompleted,Oyondu,63,941,Camimbo,3
1230,B,2015-08-31,Completed,Trilith,69,987,Jayo,2
1231,S,2016-05-22,Completed,Avaveo,227,242,Realmix,3
1232,S,2016-07-01,InCompleted,Edgeify,439,930,Realmix,1
1233,S,2016-08-17,InCompleted,Yotz,380,103,Photofeed,2
1234,S,2016-01-28,InCompleted,Plambee,159,58,Riffpedia,2
1235,B,2015-12-07,InCompleted,Kazio,164,1004,Bluezoom,1
1236,S,2016-06-21,InCompleted,Ntag,171,920,Wikido,3
1237,S,2016-07-03,Completed,Oloo,40,243,Livetube,3
1238,B,2016-02-08,InCompleted,Yacero,28,495,Tazzy,1
1239,S,2015-12-02,Completed,Innojam,310,1378,Dabshots,1
1240,B,2016-02-21,Completed,Realblab,216,1527,Aimbo,1
1241,B,2016-03-12,Completed,Leenti,146,1489,Jaxbean,1
1242,S,2015-12-15,Completed,Reallinks,488,817,Zoomlounge,3
1243,B,2016-05-04,Completed,Wordpedia,38,863,Kimia,2
1244,B,2016-02-06,Completed,Zava,475,53,Fadeo,3
1245,S,2015-11-26,Completed,Jazzy,244,1271,Oloo,2
1246,B,2016-08-09,Completed,Aimbo,418,858,Yambee,3
1247,S,2016-07-02,InCompleted,Centimia,495,189,Teklist,3
1248,B,2015-12-09,InCompleted,Tazzy,347,511,Trilith,3
1249,S,2016-02-10,Completed,Kimia,110,643,Yamia,3
1250,S,2016-04-10,InCompleted,Trilith,321,982,Npath,1
1251,S,2015-09-29,Completed,Youbridge,198,1345,Jazzy,3
1252,B,2015-10-12,Completed,Topiclounge,294,383,Tagchat,3
1253,S,2015-11-02,Completed,Midel,350,254,Realbuzz,3
1254,B,2016-02-01,InCompleted,Tagchat,273,223,Shuffledrive,3
1255,S,2016-08-05,InCompleted,Zoombeat,249,297,Ntag,2
1256,B,2015-12-16,Completed,Jamia,147,529,Shuffledrive,2
1257,S,2015-08-31,InCompleted,Flipopia,233,959,Roomm,2
1258,B,2015-09-19,InCompleted,LiveZ,176,622,Thoughtblab,3
1259,B,2016-01-17,Completed,Blognation,151,1503,Jetpulse,3
1260,B,2015-12-21,InCompleted,Jabbersphere,315,833,Eare,2
1261,B,2016-07-24,InCompleted,Centidel,148,1175,Feedbug,3
1262,S,2015-09-28,Completed,Jetpulse,297,267,Yakijo,2
1263,S,2015-10-18,Completed,Trunyx,341,1527,Skidoo,3
1264,S,2016-07-15,InCompleted,Edgeify,397,516,Skalith,1
1265,B,2016-08-21,InCompleted,Oyoba,382,506,Zooxo,1
1266,S,2015-09-23,InCompleted,Skipfire,5,1467,Kanoodle,1
1267,S,2016-06-28,Completed,Tagpad,151,781,Cogidoo,2
1268,B,2016-02-14,Completed,Wordware,415,947,Twitterbridge,2
1269,B,2015-12-19,Completed,Fivechat,120,237,Voolia,3
1270,B,2016-05-16,Completed,Avamba,13,143,InnoZ,2
1271,S,2016-03-20,Completed,Kimia,104,754,Quatz,3
1272,B,2016-07-18,Completed,Meemm,179,749,Voonte,1
1273,S,2016-05-30,Completed,Yambee,285,1206,Twitterlist,3
1274,B,2015-12-11,Completed,Kwilith,279,1363,Twiyo,3
1275,B,2016-05-26,Completed,Janyx,454,1253,Kamba,1
1276,B,2016-02-01,Completed,Skyvu,186,909,Oyope,2
1277,B,2016-04-13,InCompleted,Demivee,40,1081,Babbleopia,1
1278,B,2016-02-09,InCompleted,Zoomcast,31,1011,Youtags,3
1279,B,2016-08-06,InCompleted,Fivebridge,188,841,Meetz,3
1280,B,2016-01-28,Completed,Dynazzy,24,530,Skimia,3
1281,S,2015-11-17,Completed,Oloo,404,113,Brainsphere,1
1282,B,2016-02-02,InCompleted,Skyndu,456,1022,Ozu,1
1283,B,2015-11-16,InCompleted,Feednation,229,969,Zoonoodle,3
1284,S,2016-03-08,InCompleted,Thoughtsphere,46,725,Rhyzio,2
1285,S,2016-03-06,InCompleted,Skimia,259,747,Voomm,1
1286,B,2016-03-19,Completed,Wikido,159,189,Devbug,3
1287,B,2015-10-24,InCompleted,Voonder,439,72,Kazu,3
1288,S,2016-01-13,Completed,Kayveo,180,1266,Photojam,1
1289,B,2015-12-28,InCompleted,Zoozzy,53,683,Tambee,3
1290,S,2015-12-23,Completed,Browseblab,168,555,Topicstorm,3
1291,S,2015-09-27,Completed,Aibox,18,1512,Youspan,2
1292,S,2016-07-05,InCompleted,Ailane,204,217,Linkbridge,1
1293,S,2016-04-13,Completed,Muxo,394,92,Camimbo,1
1294,S,2015-11-09,InCompleted,Demizz,31,1030,Brainsphere,3
1295,S,2015-12-17,InCompleted,Quire,377,200,Youspan,3
1296,S,2015-09-03,Completed,Twitterbeat,295,1479,Thoughtmix,3
1297,S,2015-09-09,InCompleted,Skiba,125,1538,Katz,3
1298,B,2016-03-16,InCompleted,Meeveo,365,653,LiveZ,3
1299,B,2015-10-22,Completed,Wordpedia,12,286,Wikizz,3
1300,B,2016-01-12,InCompleted,Gabtune,44,425,Mymm,3
1301,S,2015-09-11,Completed,Vinder,292,771,Jabbercube,3
1302,S,2016-02-17,Completed,Chatterpoint,341,1040,Flashset,2
1303,S,2015-11-08,InCompleted,Dynava,425,854,Quimm,2
1304,B,2015-09-19,Completed,Youbridge,9,981,Trudoo,3
1305,S,2015-12-30,Completed,Leexo,395,262,Rhynyx,1
1306,B,2015-10-24,InCompleted,Chatterpoint,192,1333,Geba,1
1307,S,2016-06-05,InCompleted,Tavu,500,679,Roombo,1
1308,S,2015-12-13,Completed,Kamba,328,1491,BlogXS,3
1309,S,2015-12-12,InCompleted,Tazzy,211,611,Demimbu,1
1310,B,2016-05-25,InCompleted,Talane,100,171,Riffpath,1
1311,S,2016-03-26,Completed,Eayo,396,1138,Vinte,3
1312,B,2015-11-02,Completed,Flipopia,222,1516,Rhycero,2
1313,S,2016-03-12,InCompleted,Wordpedia,101,1274,Talane,3
1314,B,2016-06-19,InCompleted,Aivee,137,5,Babbleopia,3
1315,B,2016-06-27,InCompleted,Pixonyx,24,651,Rhynoodle,3
1316,S,2015-09-18,Completed,Rhynyx,467,345,Tekfly,3
1317,B,2016-03-21,Completed,Abata,267,1232,Twitterwire,1
1318,B,2016-01-10,InCompleted,Ooba,25,4,Edgewire,2
1319,S,2015-09-04,InCompleted,Jetpulse,321,807,Quinu,1
1320,B,2016-07-27,Completed,Rhyloo,369,1469,Twinte,3
1321,B,2016-04-08,InCompleted,Photofeed,43,1435,Topicshots,1
1322,B,2015-12-06,InCompleted,Innojam,312,1011,Shuffledrive,3
1323,B,2016-02-23,Completed,Thoughtbridge,191,576,Twinte,2
1324,S,2016-08-07,Completed,Divavu,54,1262,Zoovu,3
1325,S,2015-12-18,InCompleted,Wikizz,358,866,Jaloo,3
1326,B,2015-11-14,InCompleted,Browsezoom,55,1275,Rooxo,2
1327,S,2016-05-19,Completed,Topicstorm,392,1254,Yakidoo,3
1328,S,2016-08-04,InCompleted,Quinu,413,1238,Edgeblab,3
1329,B,2016-07-30,InCompleted,Snaptags,16,307,Twitterbeat,3
1330,B,2015-12-29,InCompleted,Oyope,296,924,Mybuzz,2
1331,S,2015-12-30,InCompleted,Flashdog,206,1253,Eadel,2
1332,B,2016-04-12,InCompleted,Mynte,445,975,Mydeo,3
1333,B,2016-06-08,InCompleted,Youbridge,82,683,Kimia,3
1334,B,2015-09-29,InCompleted,Edgeify,475,519,Trilith,2
1335,B,2015-09-24,Completed,Ozu,193,770,Zoombox,1
1336,B,2015-09-22,InCompleted,Twimbo,337,804,Jabberbean,3
1337,B,2016-02-20,Completed,Ailane,249,1410,Eazzy,1
1338,B,2016-07-30,InCompleted,Bluezoom,201,657,Skipstorm,2
1339,S,2016-01-26,Completed,Photobean,395,1118,Thoughtsphere,3
1340,B,2015-09-26,Completed,Vimbo,302,673,Ooba,3
1341,S,2015-09-24,Completed,Eare,482,122,Yata,3
1342,S,2015-11-14,InCompleted,Zooveo,365,20,Trilia,2
1343,B,2015-12-26,Completed,Plajo,234,1390,Miboo,2
1344,B,2016-07-09,InCompleted,Mydo,118,582,Oyoloo,1
1345,B,2015-09-26,Completed,Gabtune,164,1054,Browsebug,1
1346,B,2015-11-27,Completed,Voolia,488,435,Wikibox,2
1347,B,2015-10-21,Completed,Thoughtblab,160,473,Divape,3
1348,B,2016-05-26,Completed,Devpoint,416,722,InnoZ,1
1349,B,2015-12-10,InCompleted,Jabberbean,283,774,Shufflebeat,3
1350,B,2015-09-29,InCompleted,Thoughtmix,418,840,Midel,1
1351,B,2015-10-10,InCompleted,Oyope,124,647,Kaymbo,3
1352,B,2015-10-18,Completed,Tagtune,407,881,Jazzy,1
1353,B,2016-04-17,Completed,Einti,281,435,Rhyzio,2
1354,S,2015-09-27,InCompleted,Skyba,17,386,Viva,1
1355,B,2016-06-21,Completed,Thoughtblab,362,1358,Realblab,2
1356,S,2016-03-07,Completed,Eazzy,50,1015,Shuffledrive,3
1357,S,2016-06-12,InCompleted,Yabox,265,1521,Skipfire,3
1358,B,2016-02-13,Completed,Tagchat,281,189,Demimbu,2
1359,S,2016-08-09,Completed,Quatz,482,240,Skinix,3
1360,S,2016-02-24,Completed,Oyonder,460,701,Aimbo,3
1361,B,2016-01-22,InCompleted,Tavu,288,1083,Yabox,3
1362,S,2016-06-22,InCompleted,Lazz,443,884,Gigaclub,2
1363,S,2015-09-23,InCompleted,Yakitri,249,102,Wikivu,2
1364,B,2016-02-28,InCompleted,Riffwire,214,300,Feedbug,1
1365,B,2015-11-28,Completed,Voonte,417,128,Miboo,1
1366,S,2015-12-02,Completed,Quatz,302,1059,Fivespan,3
1367,B,2016-02-13,InCompleted,Trilia,23,1146,Skibox,3
1368,S,2016-08-18,Completed,Meetz,310,534,Jaxworks,1
1369,S,2016-02-27,InCompleted,Zazio,479,463,Voomm,3
1370,S,2016-05-12,Completed,Vimbo,83,676,Talane,3
1371,S,2015-09-11,Completed,Wikibox,64,1399,Lazz,1
1372,B,2016-07-02,InCompleted,Oyonder,451,175,Eazzy,3
1373,B,2016-05-30,InCompleted,Kazio,272,522,Oyondu,1
1374,B,2015-09-08,Completed,Plambee,252,1022,Geba,3
1375,B,2015-09-11,Completed,Realblab,433,1117,Eidel,2
1376,S,2015-10-01,Completed,Topiclounge,377,1313,Buzzster,2
1377,B,2016-03-12,Completed,Tagcat,145,1318,Skiptube,2
1378,S,2016-01-16,Completed,Eare,63,137,Edgeblab,2
1379,S,2016-04-07,InCompleted,Dynava,451,1050,Fanoodle,2
1380,B,2016-06-30,Completed,Skiptube,243,666,Pixoboo,3
1381,B,2016-03-09,InCompleted,Thoughtblab,386,377,Quatz,2
1382,B,2016-02-15,InCompleted,Meemm,122,283,Dabvine,2
1383,B,2016-07-22,InCompleted,Meejo,319,424,Flashspan,1
1384,S,2015-10-19,Completed,Riffpath,487,177,Jetpulse,2
1385,S,2015-12-29,InCompleted,Eadel,390,291,Photospace,2
1386,S,2016-06-12,Completed,Pixope,112,520,Pixonyx,2
1387,S,2016-02-13,Completed,Eamia,274,49,Rhynoodle,3
1388,S,2015-10-19,Completed,Youopia,200,638,Skynoodle,3
1389,S,2016-02-01,Completed,Yodoo,34,1062,Realblab,2
1390,B,2016-08-22,Completed,Aivee,231,1133,Layo,2
1391,B,2015-12-02,InCompleted,Flashspan,451,409,Fiveclub,3
1392,S,2015-10-06,Completed,Meevee,469,48,Devpulse,3
1393,S,2016-02-26,InCompleted,Fatz,359,436,Ailane,2
1394,B,2016-03-03,InCompleted,Muxo,338,97,Skilith,3
1395,B,2016-06-10,InCompleted,Edgetag,57,1170,Feedspan,3
1396,S,2015-11-10,Completed,Dabfeed,76,221,Browsetype,2
1397,B,2015-10-13,InCompleted,Thoughtstorm,199,757,Oba,2
1398,B,2016-01-10,InCompleted,Flashdog,265,393,Trilia,1
1399,B,2015-12-02,Completed,Wikizz,184,502,Wordify,3
1400,S,2016-02-23,Completed,Plajo,244,532,Geba,3
1401,B,2016-02-08,Completed,Avaveo,105,1148,Vidoo,3
1402,S,2016-08-23,Completed,Trudeo,131,597,Oyoloo,3
1403,B,2016-07-02,Completed,Agimba,294,685,Tavu,2
1404,B,2015-12-13,Completed,Realbuzz,74,1462,Muxo,2
1405,S,2016-02-22,InCompleted,Demizz,191,85,Gigashots,1
1406,B,2016-01-05,InCompleted,Tagfeed,98,636,Feedfire,1
1407,B,2016-03-04,InCompleted,Pixope,80,1436,Quamba,3
1408,B,2016-01-07,InCompleted,Meeveo,475,520,Pixoboo,3
1409,S,2016-01-17,InCompleted,Kaymbo,210,112,Oyoba,3
1410,B,2016-04-13,InCompleted,Pixoboo,225,1093,Divape,3
1411,S,2015-11-20,Completed,Rhynoodle,3,359,Quatz,1
1412,B,2016-02-10,InCompleted,Realfire,140,1343,Youtags,2
1413,B,2016-08-04,Completed,Trupe,250,864,Quimm,3
1414,B,2016-02-06,InCompleted,Voonyx,74,418,Zooveo,2
1415,B,2016-03-27,InCompleted,Eazzy,262,457,Skinix,3
1416,B,2016-02-22,Completed,Twinder,18,1249,Buzzshare,3
1417,B,2016-01-13,InCompleted,Gigashots,305,630,Cogidoo,3
1418,B,2016-05-29,Completed,Yacero,168,896,Talane,3
1419,S,2016-04-19,Completed,Skimia,261,695,Mydeo,3
1420,S,2016-08-12,Completed,Talane,306,890,Skajo,2
1421,B,2016-08-02,InCompleted,Meevee,379,668,Photobug,1
1422,B,2016-04-14,InCompleted,Buzzdog,473,319,Linklinks,2
1423,S,2016-08-10,Completed,Eire,263,1173,Miboo,1
1424,S,2016-01-15,Completed,Lazz,122,583,Kayveo,1
1425,B,2016-03-19,Completed,Trudoo,175,1378,Kayveo,3
1426,S,2015-12-01,Completed,Quaxo,434,6,Kazu,3
1427,S,2015-10-12,Completed,Mydeo,366,83,Yacero,1
1428,B,2016-04-05,InCompleted,Skinder,104,779,Oyoloo,2
1429,B,2016-02-14,InCompleted,Twitternation,2,1495,Katz,1
1430,S,2016-08-24,InCompleted,Reallinks,308,189,Innotype,1
1431,S,2016-03-09,Completed,Bluezoom,91,346,Dynabox,3
1432,S,2016-01-30,Completed,Meejo,381,1141,Browsedrive,3
1433,B,2016-05-06,Completed,Mynte,356,1129,Vidoo,3
1434,B,2016-06-11,InCompleted,Reallinks,116,1431,Realmix,2
1435,B,2015-11-27,Completed,Tagtune,443,149,Eazzy,2
1436,B,2016-03-16,InCompleted,Skyndu,15,790,Gabcube,1
1437,S,2016-07-05,Completed,Twitterwire,350,872,Realbridge,3
1438,S,2015-12-06,Completed,Livefish,199,258,Skyba,2
1439,S,2015-12-13,InCompleted,InnoZ,259,918,Dabjam,1
1440,S,2015-10-05,InCompleted,Centizu,56,1218,Dablist,3
1441,B,2015-09-24,InCompleted,Thoughtstorm,236,1076,Skimia,3
1442,S,2015-12-26,Completed,Quinu,466,1422,Brainsphere,2
1443,S,2016-02-08,InCompleted,Brainlounge,281,912,Topiczoom,3
1444,S,2016-05-04,InCompleted,Tagopia,118,1092,Oyope,2
1445,B,2016-05-26,Completed,LiveZ,436,1161,Wikido,3
1446,B,2016-07-13,InCompleted,Npath,281,771,Rhynoodle,2
1447,S,2016-02-05,InCompleted,Jabbersphere,117,92,Omba,2
1448,S,2016-06-29,InCompleted,Dynabox,376,747,Gevee,3
1449,S,2016-06-14,InCompleted,Agimba,157,926,Livetube,3
1450,S,2016-06-02,Completed,Riffpath,68,329,Talane,2
1451,B,2016-07-12,Completed,Gabcube,165,737,Tazzy,2
1452,B,2015-10-17,Completed,Skyble,282,269,Dazzlesphere,1
1453,B,2016-03-11,Completed,Leenti,373,427,Roomm,1
1454,B,2016-08-30,Completed,Wikibox,412,506,Kayveo,3
1455,S,2015-10-30,Completed,Yakitri,287,1404,Kanoodle,3
1456,B,2016-07-23,InCompleted,Tazz,5,109,Mynte,2
1457,B,2015-09-07,Completed,Meedoo,126,643,Trunyx,3
1458,S,2016-08-12,Completed,Jaxworks,188,397,Realbridge,1
1459,S,2015-11-02,Completed,Photobug,232,1390,Eidel,2
1460,B,2016-06-06,Completed,Oodoo,254,588,Podcat,1
1461,S,2016-05-13,Completed,Meemm,363,381,Myworks,2
1462,B,2016-01-02,Completed,Devpulse,457,708,Dynava,1
1463,B,2016-03-07,InCompleted,Yamia,375,1457,Dynazzy,2
1464,B,2016-05-24,Completed,Browsecat,456,266,Tagchat,3
1465,B,2016-03-18,InCompleted,Skynoodle,34,968,Oyoloo,1
1466,B,2015-12-08,Completed,Rhynyx,194,892,Brightdog,3
1467,S,2016-07-18,Completed,Nlounge,117,365,Demimbu,3
1468,B,2015-09-05,InCompleted,Browsetype,498,1204,Tagpad,3
1469,S,2016-02-10,InCompleted,Devshare,470,1480,Minyx,1
1470,B,2016-04-08,Completed,Tagchat,158,973,Mynte,3
1471,B,2016-06-12,InCompleted,Chatterbridge,143,894,Meejo,3
1472,B,2016-07-20,Completed,Thoughtmix,313,895,Jaxworks,3
1473,S,2016-02-25,InCompleted,Quamba,358,1126,Bluejam,2
1474,B,2015-09-25,Completed,Eazzy,353,530,Fivechat,3
1475,S,2015-11-18,InCompleted,Gevee,108,127,Eabox,3
1476,B,2016-05-04,InCompleted,Skilith,376,827,Ntags,1
1477,S,2016-02-09,Completed,Tanoodle,271,251,Quinu,3
1478,S,2016-07-19,Completed,DabZ,71,13,Browsecat,3
1479,S,2016-03-21,Completed,Browsetype,185,176,Fivechat,2
1480,B,2016-04-30,InCompleted,Photospace,9,1091,Kwimbee,2
1481,B,2016-03-13,Completed,Zoonoodle,58,1499,Demizz,2
1482,B,2015-09-28,Completed,Shuffletag,183,1143,Skyble,2
1483,S,2015-10-30,InCompleted,BlogXS,187,72,Kayveo,3
1484,S,2016-07-27,Completed,Zoombeat,39,914,Mudo,2
1485,S,2016-03-14,Completed,Zoombeat,242,1276,Midel,2
1486,S,2016-02-28,InCompleted,Gigaclub,19,283,Trudeo,1
1487,S,2016-08-16,Completed,Wikizz,332,778,Zooveo,1
1488,B,2016-05-28,Completed,Topdrive,252,1101,DabZ,3
1489,S,2016-04-15,Completed,Tagcat,485,1197,Jabbersphere,3
1490,B,2016-04-15,InCompleted,Quatz,216,73,Jabberstorm,2
1491,S,2016-04-27,InCompleted,Skimia,102,1034,Jetpulse,3
1492,S,2016-02-23,InCompleted,Rooxo,172,1074,Youspan,1
1493,S,2016-07-12,Completed,Oyoba,378,22,Mudo,3
1494,S,2015-09-19,InCompleted,Eimbee,305,1072,Yakitri,1
1495,B,2016-03-08,InCompleted,Browsebug,200,691,Yoveo,2
1496,B,2015-12-31,InCompleted,Quatz,131,872,Avaveo,1
1497,S,2016-04-08,InCompleted,Eare,210,221,Layo,2
1498,B,2015-12-23,Completed,Livetube,205,1212,Skynoodle,2
1499,S,2016-08-25,Completed,Eire,151,143,Kamba,1
1500,S,2016-06-13,Completed,Jatri,172,902,Eayo,1
1501,B,2016-05-25,Completed,Tekfly,385,894,Brainbox,3
1502,B,2015-10-15,Completed,Twimbo,293,1203,Yabox,1
1503,S,2015-12-31,InCompleted,Oyonder,336,1220,Youtags,3
1504,B,2015-10-09,Completed,Livefish,441,782,Oyoloo,2
1505,S,2015-09-15,Completed,Zazio,174,1118,Twinte,3
1506,B,2016-01-10,Completed,Eire,382,165,Fatz,1
1507,B,2015-11-25,InCompleted,Midel,409,51,Eidel,3
1508,S,2016-03-25,InCompleted,Digitube,492,1320,Jaloo,1
1509,S,2016-01-26,InCompleted,Dabvine,376,620,Linktype,3
1510,S,2016-06-15,Completed,Voolia,128,717,Shufflebeat,2
1511,B,2016-07-29,Completed,Tambee,34,1192,Pixonyx,3
1512,S,2015-09-27,Completed,Lazz,233,461,Fivebridge,2
1513,B,2016-02-29,InCompleted,Quinu,291,97,Leenti,2
1514,S,2015-12-29,Completed,Kaymbo,61,676,Trudeo,1
1515,S,2016-07-25,InCompleted,Jabberstorm,288,364,Riffpedia,3
1516,B,2016-05-03,InCompleted,Izio,300,1213,Avamba,2
1517,S,2016-02-01,Completed,Browsetype,456,1462,Skinder,1
1518,S,2016-03-10,Completed,Tekfly,428,548,Fatz,3
1519,B,2016-08-05,Completed,Aimbo,318,1100,Mymm,3
1520,S,2016-01-01,InCompleted,Feedmix,490,937,Layo,3
1521,B,2016-03-16,Completed,Ailane,413,1481,Chatterbridge,3
1522,B,2016-04-18,Completed,Kamba,358,540,Midel,3
1523,S,2016-02-02,Completed,Skiba,156,632,Plajo,3
1524,B,2016-06-18,Completed,Feedspan,369,909,Flashdog,3
1525,S,2015-10-25,InCompleted,Topiclounge,371,391,Latz,1
1526,B,2015-11-21,InCompleted,Linkbuzz,390,1493,Topdrive,2
1527,B,2016-02-27,Completed,Buzzbean,397,1414,Topicstorm,2
1528,B,2016-04-11,Completed,Flashspan,485,15,Quimm,2
1529,S,2016-04-29,Completed,Oodoo,497,1131,Devify,2
1530,B,2016-03-16,InCompleted,Zoozzy,419,1444,Meemm,2
1531,B,2016-04-19,Completed,Bubbletube,142,1012,Flashdog,1
1532,B,2016-07-12,InCompleted,Voonte,388,888,Jaxbean,2
1533,B,2016-07-25,InCompleted,Skipfire,330,1157,Skalith,2
1534,S,2016-03-30,Completed,Kaymbo,401,226,Jaxspan,3
1535,S,2015-12-06,InCompleted,Twinte,238,91,Browsedrive,3
1536,B,2015-12-25,Completed,Kwinu,102,68,Wordify,3
1537,S,2015-09-07,Completed,Yozio,221,412,Mita,2
1538,S,2016-01-19,InCompleted,Realpoint,178,1313,Photofeed,3
1539,S,2016-08-21,Completed,Oyonder,46,683,Dynabox,3
1540,S,2015-10-12,Completed,Pixoboo,239,1251,Quaxo,1
1541,S,2016-03-14,InCompleted,Yombu,473,1312,Reallinks,3
1542,S,2016-03-04,InCompleted,Jabbercube,79,675,Jabberstorm,2
1543,S,2016-08-23,Completed,Jabberbean,418,9,Browsedrive,2
1544,S,2016-04-19,InCompleted,Aibox,177,583,Podcat,1
1545,S,2016-04-15,InCompleted,Tekfly,453,1073,Realbuzz,1
1546,B,2016-02-06,InCompleted,Thoughtbridge,69,676,Dabvine,3
1547,B,2016-03-18,InCompleted,Voonte,195,1185,DabZ,3
1548,B,2016-06-19,InCompleted,Mynte,410,114,Thoughtbridge,3
1549,S,2016-04-25,InCompleted,Oyoba,437,231,Babbleopia,3
1550,B,2016-08-21,InCompleted,Dabtype,433,1332,Gevee,1
1551,S,2015-11-22,Completed,Buzzbean,495,801,Plambee,3
1552,S,2016-08-26,Completed,Trudeo,40,637,Pixonyx,1
1553,B,2016-05-11,InCompleted,Npath,56,1381,Innotype,1
1554,B,2016-02-24,Completed,Oyoba,5,191,Jabberstorm,2
1555,B,2016-05-24,InCompleted,Zoomdog,5,1467,Gabtune,1
1556,S,2015-12-19,Completed,Skiba,419,1127,Yombu,3
1557,S,2016-06-06,InCompleted,Riffpath,211,1208,Tagcat,1
1558,B,2016-07-23,InCompleted,Mycat,425,493,Buzzshare,3
1559,S,2016-05-20,Completed,Lajo,384,1361,Ooba,2
1560,B,2015-09-22,Completed,Flashpoint,188,406,Rhyzio,3
1561,S,2015-11-16,Completed,Zooxo,123,883,Devbug,3
1562,B,2016-08-07,InCompleted,Eare,371,538,Lajo,3
1563,B,2015-10-19,Completed,Skipfire,171,629,Rooxo,3
1564,B,2015-10-30,InCompleted,Skibox,129,176,Babbleset,2
1565,B,2015-09-12,Completed,Zoomdog,119,672,Jabbersphere,1
1566,B,2015-11-24,InCompleted,Meevee,221,979,Avavee,3
1567,B,2015-09-13,InCompleted,Edgepulse,277,1171,Quamba,3
1568,S,2015-10-24,InCompleted,Jayo,4,1283,Feedfire,2
1569,B,2015-10-11,Completed,Browsecat,176,29,Gabspot,2
1570,S,2015-11-15,Completed,Skimia,219,25,Yozio,3
1571,B,2016-03-05,InCompleted,Brainverse,5,360,Chatterbridge,3
1572,B,2016-08-15,Completed,Shuffletag,401,976,Bubblebox,3
1573,B,2015-09-18,InCompleted,Quatz,380,1275,Tagcat,2
1574,S,2015-12-10,Completed,Bubblemix,142,205,Flashset,3
1575,S,2016-05-30,InCompleted,Thoughtsphere,466,702,Flipstorm,3
1576,B,2016-03-21,Completed,Jatri,476,103,Demizz,3
1577,B,2015-09-07,Completed,Eadel,10,631,Oyoyo,3
1578,B,2016-06-28,InCompleted,Feedfish,256,261,Edgeblab,3
1579,B,2015-10-27,InCompleted,Gabvine,119,34,Fivebridge,2
1580,B,2015-11-28,Completed,Thoughtbeat,77,527,Fliptune,3
1581,B,2016-05-20,InCompleted,Kwilith,162,1483,Vinte,3
1582,S,2016-06-06,InCompleted,Yodo,328,599,Lazz,1
1583,B,2016-01-13,InCompleted,Eire,233,203,Thoughtbeat,3
1584,S,2016-05-02,InCompleted,Tagopia,364,844,Chatterpoint,2
1585,B,2016-04-20,InCompleted,Lazzy,339,465,Oyope,3
1586,B,2016-05-22,Completed,Thoughtstorm,311,403,Tagchat,2
1587,S,2016-05-06,Completed,Browsebug,192,1461,Feedmix,3
1588,S,2016-01-04,InCompleted,InnoZ,372,1151,Kwimbee,3
1589,S,2015-11-09,InCompleted,Aimbu,162,1052,Yabox,3
1590,B,2016-02-01,InCompleted,Vipe,206,1025,Zooveo,3
1591,S,2015-11-03,InCompleted,Jabbersphere,301,508,Voonyx,1
1592,S,2016-07-09,Completed,Kamba,481,100,Avamba,3
1593,S,2016-07-27,Completed,Twiyo,41,967,Zoombox,3
1594,S,2016-08-26,InCompleted,Devpoint,338,576,Fivespan,1
1595,B,2015-12-24,InCompleted,Agivu,45,410,Trupe,1
1596,B,2016-05-31,InCompleted,Jabberbean,340,345,Gigaclub,2
1597,S,2016-01-13,Completed,Divanoodle,153,794,Mycat,3
1598,S,2016-05-04,InCompleted,Yakitri,140,739,Jabbersphere,1
1599,B,2015-12-26,InCompleted,Twinder,488,550,Flashdog,3
1600,S,2015-12-08,Completed,Fatz,434,837,Avavee,2
1601,B,2016-01-21,Completed,Flashspan,273,885,Zoonder,2
1602,B,2016-03-28,Completed,Centidel,304,316,Lazzy,2
1603,S,2016-03-13,Completed,Jetwire,217,392,Podcat,3
1604,B,2015-10-13,Completed,Thoughtbeat,376,1263,Browsebug,2
1605,S,2016-02-04,Completed,Quimm,403,326,Voolia,3
1606,S,2016-07-11,InCompleted,Vidoo,56,1110,Mynte,3
1607,S,2016-04-05,Completed,Jaxworks,421,882,Aibox,2
1608,S,2016-01-09,InCompleted,Fatz,27,429,Cogidoo,1
1609,S,2016-03-31,InCompleted,Skiba,37,1009,Voonte,3
1610,S,2015-12-24,InCompleted,Jabbercube,384,165,Yamia,3
1611,B,2016-06-04,Completed,Thoughtblab,355,404,Feedfire,3
1612,S,2015-12-22,Completed,Zooveo,395,916,Linktype,3
1613,S,2015-11-23,Completed,Topiczoom,448,337,Topiclounge,2
1614,B,2016-07-29,InCompleted,Dynabox,74,677,Kayveo,3
1615,B,2016-01-01,InCompleted,Npath,146,967,Kwilith,3
1616,B,2016-08-27,InCompleted,Topiclounge,208,5,Feednation,3
1617,B,2015-11-28,Completed,Kayveo,164,184,Oyoyo,3
1618,B,2016-01-24,Completed,Youbridge,281,1076,Browsetype,3
1619,S,2016-01-17,Completed,Meevee,34,863,Cogilith,3
1620,S,2016-04-29,InCompleted,Shufflester,62,907,Teklist,3
1621,B,2015-12-03,InCompleted,Feedbug,342,524,Pixoboo,1
1622,S,2015-12-21,Completed,Skipstorm,318,354,Topicshots,2
1623,B,2015-11-07,InCompleted,Rhybox,305,48,Wikibox,3
1624,S,2016-03-18,InCompleted,Trudoo,311,597,Izio,3
1625,B,2015-09-03,InCompleted,Riffwire,45,408,Yamia,1
1626,B,2015-10-01,Completed,Centimia,119,1349,Gabvine,2
1627,B,2016-03-26,InCompleted,Gabtype,310,1093,Eidel,3
1628,S,2016-08-12,Completed,Meezzy,166,1521,Buzzbean,2
1629,S,2016-03-13,Completed,Skivee,284,593,Jayo,3
1630,B,2016-07-07,Completed,Mydeo,432,1008,Myworks,1
1631,S,2016-03-15,Completed,Oyondu,176,913,Tagfeed,3
1632,S,2015-11-28,Completed,Voonte,21,39,Browsezoom,3
1633,S,2016-06-22,Completed,Voonder,480,972,Cogilith,1
1634,B,2015-12-23,InCompleted,Feedmix,375,439,Demizz,2
1635,S,2016-02-10,InCompleted,Snaptags,348,133,Kwimbee,1
1636,B,2016-06-13,Completed,Skilith,182,1536,Vinder,1
1637,B,2016-06-19,InCompleted,Trilith,180,357,Photobug,1
1638,S,2016-01-14,InCompleted,Jaloo,490,1195,Twitterworks,1
1639,B,2016-06-22,InCompleted,Kazu,130,1451,Photobug,3
1640,B,2015-12-02,Completed,Livepath,45,1500,Midel,3
1641,B,2016-02-09,InCompleted,Trudoo,18,1053,Innotype,3
1642,B,2016-02-18,InCompleted,Dabfeed,214,802,Npath,1
1643,S,2016-04-01,Completed,Digitube,100,1427,Vinder,3
1644,B,2016-06-24,InCompleted,Skyble,239,695,Meeveo,3
1645,B,2016-06-30,InCompleted,Twitterworks,78,571,Dabshots,3
1646,S,2016-01-27,Completed,Divavu,120,662,Cogilith,2
1647,S,2016-08-16,InCompleted,Skinder,353,850,Blogpad,3
1648,B,2015-10-02,Completed,Cogibox,157,1145,Jetpulse,3
1649,S,2016-06-20,Completed,Edgeify,398,39,Shufflester,1
1650,S,2016-07-11,InCompleted,Flashpoint,140,809,Mynte,3
1651,S,2015-11-25,Completed,Roomm,393,1348,Flashset,1
1652,B,2015-12-30,InCompleted,Aimbo,131,814,Quamba,3
1653,B,2016-02-20,Completed,Quinu,208,897,Photobug,2
1654,S,2016-03-14,Completed,Cogibox,129,413,Podcat,1
1655,B,2015-10-29,Completed,Riffwire,453,195,Lazzy,3
1656,S,2016-04-11,Completed,Ozu,484,1127,Tagfeed,3
1657,S,2015-12-28,InCompleted,Vimbo,493,848,Twinder,3
1658,S,2016-07-31,InCompleted,Voonyx,351,339,Skibox,2
1659,S,2015-09-17,Completed,Skaboo,104,266,Aimbo,2
1660,S,2015-12-30,Completed,Gigaclub,15,1133,Browsecat,3
1661,S,2015-12-20,InCompleted,Meedoo,186,944,Innotype,2
1662,B,2015-10-31,Completed,Centizu,426,1527,Wikivu,3
1663,B,2015-09-04,Completed,Abatz,227,340,Mydeo,1
1664,B,2016-04-21,Completed,Quire,276,785,Realblab,3
1665,B,2016-01-06,Completed,Demizz,330,1122,Skiba,3
1666,S,2016-03-30,InCompleted,Youopia,335,1107,Innotype,3
1667,B,2015-12-27,Completed,Twitterwire,205,338,Topiczoom,3
1668,S,2016-04-27,InCompleted,Tagopia,10,466,Wikizz,3
1669,B,2015-09-18,InCompleted,Topiclounge,68,1521,Photojam,3
1670,B,2016-07-28,Completed,Skaboo,488,1397,Jetpulse,2
1671,B,2016-01-21,Completed,Blogtags,48,29,Quinu,3
1672,S,2016-01-10,InCompleted,Twitternation,36,1252,Wikibox,2
1673,S,2016-02-18,InCompleted,Dazzlesphere,152,202,Rooxo,3
1674,S,2016-01-12,Completed,Chatterpoint,305,103,Voonte,3
1675,S,2016-03-23,InCompleted,Thoughtbeat,408,568,Pixonyx,1
1676,S,2015-11-25,InCompleted,Meevee,203,1486,Dazzlesphere,2
1677,B,2016-05-20,Completed,Zoonder,265,18,Rooxo,3
1678,B,2015-09-07,Completed,Quaxo,217,1473,Vipe,1
1679,S,2015-10-01,InCompleted,Feedbug,475,1431,Meevee,1
1680,B,2015-11-16,Completed,Edgeclub,461,272,Babblestorm,3
1681,B,2015-12-25,Completed,Jabberstorm,273,700,Izio,2
1682,B,2015-12-16,Completed,Tagchat,42,1128,Vinte,3
1683,B,2016-01-13,Completed,Zoomcast,253,277,Quatz,1
1684,B,2016-07-16,InCompleted,Quatz,330,1023,Katz,1
1685,S,2016-04-25,Completed,Ooba,142,515,Twimm,2
1686,B,2016-04-16,InCompleted,Babbleset,359,159,Gigaclub,2
1687,B,2016-07-03,InCompleted,Skimia,132,534,Flipbug,1
1688,B,2015-10-02,Completed,Feedmix,97,1549,Plambee,2
1689,S,2016-08-18,Completed,Jatri,190,972,Minyx,3
1690,B,2016-04-20,Completed,Thoughtbeat,113,437,Voonte,3
1691,B,2016-08-27,InCompleted,Dabtype,332,1450,Vidoo,3
1692,S,2016-07-16,InCompleted,Twitterbeat,496,1098,Youopia,2
1693,B,2016-03-08,InCompleted,Feedspan,39,268,Trilia,1
1694,B,2015-11-13,InCompleted,Youtags,98,295,Devify,3
1695,B,2016-05-13,Completed,LiveZ,128,1119,Yadel,1
1696,B,2016-03-13,Completed,Shuffledrive,222,748,JumpXS,3
1697,S,2015-10-20,Completed,Tagchat,63,1307,Dynava,2
1698,B,2016-02-08,InCompleted,Rhycero,161,1275,Kare,3
1699,B,2016-03-10,Completed,Browsebug,378,417,Topicware,2
1700,S,2016-04-01,InCompleted,Oba,383,133,Trilia,3
1701,B,2015-12-15,InCompleted,Skynoodle,27,987,Mudo,2
1702,S,2016-01-12,InCompleted,Bluezoom,74,219,Buzzdog,3
1703,S,2016-03-02,InCompleted,Youbridge,262,355,Npath,3
1704,S,2016-04-24,InCompleted,Voonder,306,828,Bubblebox,3
1705,B,2016-05-10,Completed,Buzzdog,474,233,Vipe,3
1706,S,2016-01-08,InCompleted,Rhycero,31,1270,Devcast,3
1707,S,2016-07-08,Completed,Vitz,53,767,Skinder,3
1708,S,2015-09-28,Completed,Quimm,81,1129,Topiczoom,3
1709,B,2016-01-18,InCompleted,Jaxworks,254,106,Linkbuzz,3
1710,S,2016-08-01,InCompleted,Bluezoom,236,1098,Youopia,1
1711,S,2015-12-02,Completed,Babbleopia,474,793,Dabvine,3
1712,S,2015-11-15,Completed,Yombu,357,1021,Zoombox,3
1713,S,2016-06-03,Completed,Lazzy,99,590,Voonder,1
1714,B,2016-04-22,Completed,Einti,177,518,Bubblebox,3
1715,S,2016-08-07,InCompleted,Dynabox,474,1206,Yamia,1
1716,S,2015-11-30,Completed,Buzzdog,290,1498,InnoZ,3
1717,S,2015-10-07,InCompleted,Jabberstorm,297,879,Shufflebeat,3
1718,B,2016-01-05,InCompleted,Oyoba,368,643,Babblestorm,3
1719,S,2016-08-30,InCompleted,Meejo,323,1225,Snaptags,1
1720,S,2016-05-09,Completed,Blogspan,15,1529,Divanoodle,3
1721,B,2015-09-26,InCompleted,Dabtype,391,241,Jaloo,2
1722,S,2016-05-03,Completed,Thoughtmix,455,830,Trunyx,1
1723,S,2016-05-09,Completed,Fiveclub,384,1427,Rhybox,3
1724,B,2015-09-01,InCompleted,Yambee,106,897,Meedoo,2
1725,S,2016-08-01,Completed,Quaxo,10,1121,Dabfeed,3
1726,B,2016-08-07,InCompleted,Rhyloo,18,655,Youspan,1
1727,B,2016-04-01,InCompleted,Skippad,426,1374,Zazio,1
1728,S,2016-05-25,InCompleted,Geba,102,831,Dynabox,3
1729,S,2015-10-13,Completed,Quimba,56,345,Bluezoom,1
1730,B,2016-06-07,InCompleted,LiveZ,259,525,Jatri,3
1731,B,2016-04-18,Completed,Devbug,94,85,JumpXS,2
1732,S,2016-02-25,Completed,Photospace,56,83,Yambee,2
1733,B,2016-04-17,Completed,Feedfire,175,209,Babbleopia,3
1734,S,2016-02-08,InCompleted,Ntags,312,645,Yakidoo,2
1735,B,2015-11-22,InCompleted,Ntags,243,8,Aimbu,3
1736,B,2016-03-01,Completed,Devpulse,418,359,Abata,3
1737,S,2016-08-11,Completed,Yozio,134,942,Gigazoom,3
1738,B,2016-07-26,Completed,Dynava,194,285,Cogilith,2
1739,S,2016-07-12,Completed,Roombo,85,337,Kaymbo,3
1740,B,2015-09-23,Completed,Skipfire,176,105,Realcube,3
1741,S,2016-05-26,Completed,Thoughtmix,68,850,Thoughtblab,2
1742,B,2016-07-23,Completed,Dabtype,262,1540,Skyvu,1
1743,B,2016-06-12,Completed,Skajo,127,1150,Vinder,3
1744,S,2016-06-03,Completed,Tazz,135,649,Jetwire,1
1745,S,2016-02-28,InCompleted,Wordtune,121,708,Mudo,1
1746,B,2016-02-23,InCompleted,Gabtype,497,1367,Centidel,3
1747,B,2016-06-15,Completed,Blogspan,451,31,Tagfeed,3
1748,S,2015-09-16,InCompleted,Demimbu,10,958,Agivu,3
1749,B,2016-01-01,InCompleted,Photobug,168,1309,Oyonder,3
1750,B,2015-12-31,InCompleted,Buzzdog,254,234,Mynte,2
1751,B,2016-03-23,Completed,Feedbug,367,722,Jayo,2
1752,B,2016-06-20,InCompleted,Omba,422,739,Jaxnation,3
1753,B,2016-01-22,InCompleted,Youopia,281,436,Bubbletube,3
1754,S,2016-07-19,Completed,Blogspan,408,1105,Babbleblab,3
1755,S,2016-03-03,Completed,Youbridge,148,766,Yata,1
1756,B,2016-08-11,InCompleted,Divape,122,1113,Tazz,3
1757,S,2016-08-15,InCompleted,Babbleset,140,119,Feedfire,2
1758,S,2015-11-12,Completed,Edgeclub,261,798,Jayo,2
1759,B,2015-11-29,InCompleted,Yakidoo,155,1056,Blogpad,3
1760,B,2016-04-24,Completed,Mycat,308,254,Oyondu,3
1761,S,2016-03-30,Completed,Tazz,308,630,Quamba,2
1762,B,2015-11-17,InCompleted,Twitterlist,1,783,Aivee,1
1763,B,2016-04-15,Completed,Blogpad,184,514,Talane,3
1764,S,2016-04-06,Completed,Skyvu,240,1053,Flashset,3
1765,S,2015-11-04,InCompleted,Wikivu,431,479,Dabshots,2
1766,S,2016-01-30,InCompleted,Mudo,484,589,Oyoloo,2
1767,S,2016-06-11,Completed,Skinder,434,1077,Meevee,3
1768,S,2015-09-14,InCompleted,Topdrive,58,945,Kanoodle,3
1769,B,2015-12-05,Completed,Zava,344,1035,Skibox,1
1770,S,2016-06-05,Completed,Agivu,74,1466,Avaveo,2
1771,B,2016-03-28,InCompleted,Thoughtworks,78,1548,Dabfeed,3
1772,S,2016-04-02,Completed,Feedfish,328,1045,Skalith,2
1773,B,2016-01-13,InCompleted,Browsebug,320,569,Aimbo,3
1774,B,2016-01-14,Completed,Realmix,424,1250,Jabbercube,1
1775,S,2016-05-12,InCompleted,Yodoo,73,69,Mydo,1
1776,B,2015-11-28,Completed,Yoveo,307,973,Jabbersphere,3
1777,B,2016-07-23,Completed,Eidel,49,370,Bluezoom,1
1778,S,2015-11-23,Completed,Meembee,478,1222,Ailane,3
1779,S,2015-10-30,InCompleted,Fadeo,207,370,Twiyo,2
1780,B,2016-02-03,InCompleted,Plambee,177,949,Katz,3
1781,B,2016-08-14,Completed,Ainyx,289,165,Gabtune,1
1782,S,2016-04-20,InCompleted,Twitterwire,420,823,Kaymbo,3
1783,B,2016-03-23,InCompleted,Meembee,73,90,Zoomzone,1
1784,S,2015-09-05,InCompleted,Realbuzz,38,19,Midel,2
1785,S,2016-03-29,Completed,Dynabox,162,271,Voonyx,1
1786,S,2015-12-21,Completed,Kazu,201,664,Yambee,1
1787,B,2016-08-07,InCompleted,Reallinks,463,916,Demizz,3
1788,S,2015-09-01,InCompleted,Tagtune,473,378,Yozio,3
1789,B,2016-08-09,InCompleted,Divavu,175,175,Shufflebeat,3
1790,B,2016-02-21,Completed,Wikizz,284,865,Centimia,1
1791,B,2015-10-22,InCompleted,Vipe,480,1365,Oloo,3
1792,S,2015-12-25,InCompleted,Topiczoom,418,464,Quamba,1
1793,S,2016-06-30,Completed,Kwideo,418,901,Edgepulse,2
1794,B,2015-12-24,Completed,Gabcube,348,811,Jayo,1
1795,B,2015-12-13,Completed,Myworks,178,1110,Lazz,3
1796,S,2016-08-07,Completed,Centidel,204,512,Tagopia,3
1797,B,2016-02-28,InCompleted,Wikivu,300,1488,Bubblemix,2
1798,S,2016-06-09,Completed,Quatz,163,1046,Kwideo,3
1799,S,2016-01-23,InCompleted,Izio,22,1075,Ozu,1
1800,B,2016-04-04,Completed,Pixonyx,435,473,Jatri,2
1801,B,2016-08-30,Completed,Browsedrive,74,677,Jamia,1
1802,B,2016-01-16,Completed,Zoombeat,482,793,Photobug,1
1803,B,2016-01-13,InCompleted,Dynazzy,322,97,Realbuzz,3
1804,S,2015-09-15,InCompleted,Zoonder,228,1114,Youspan,1
1805,B,2016-02-25,Completed,Leenti,488,551,Dabtype,3
1806,S,2016-05-21,Completed,Mydo,322,365,Browsebug,2
1807,S,2015-09-10,Completed,Yabox,102,121,Fivespan,3
1808,B,2015-11-15,Completed,Yamia,359,136,Skipstorm,2
1809,B,2016-05-28,Completed,Skiba,444,1418,Dynabox,3
1810,S,2015-10-31,Completed,Divavu,251,847,Flipstorm,1
1811,B,2016-05-05,InCompleted,Shufflester,271,508,Devcast,2
1812,B,2016-07-06,Completed,Browsebug,227,927,Kwimbee,2
1813,S,2016-06-07,Completed,Topicware,70,1290,Skinix,2
1814,S,2016-05-11,InCompleted,Skibox,171,462,Dabtype,3
1815,B,2016-04-04,InCompleted,Avamm,431,840,Eabox,3
1816,B,2016-01-24,Completed,Meembee,134,1010,Shuffletag,1
1817,B,2016-06-22,InCompleted,Kwideo,102,766,Vipe,2
1818,S,2016-05-04,Completed,Myworks,317,1099,Yakitri,3
1819,S,2016-02-09,Completed,Kayveo,349,1167,Skiba,2
1820,S,2015-12-22,Completed,Blognation,482,116,Quinu,3
1821,B,2016-02-18,Completed,Zoombox,202,945,Edgetag,2
1822,S,2016-06-23,Completed,Roomm,391,808,Midel,1
1823,B,2016-06-18,Completed,Skimia,310,598,Viva,1
1824,B,2016-03-08,InCompleted,Ailane,34,999,Jabberstorm,3
1825,S,2016-04-18,InCompleted,Skalith,455,610,Gigashots,3
1826,B,2016-08-20,Completed,Demivee,298,1176,Dabfeed,3
1827,S,2016-06-26,InCompleted,Realpoint,191,275,Miboo,2
1828,B,2016-07-18,Completed,Ozu,187,1324,Leenti,3
1829,S,2016-05-25,InCompleted,Talane,423,269,Innojam,1
1830,B,2015-10-06,Completed,Zoombox,403,1490,Leexo,3
1831,B,2016-01-13,InCompleted,Skipstorm,378,560,Jabbertype,3
1832,B,2016-07-08,Completed,Browsezoom,84,347,Rhynoodle,3
1833,B,2016-07-23,Completed,Oyonder,186,962,LiveZ,3
1834,S,2016-05-14,Completed,Twitternation,341,1240,Twitterwire,3
1835,B,2015-10-30,Completed,Realmix,397,1245,Jaxnation,3
1836,B,2016-03-08,InCompleted,Skinte,457,346,Trudeo,1
1837,S,2015-10-01,InCompleted,Brainbox,29,880,Gevee,1
1838,B,2016-02-07,Completed,Fivebridge,258,1313,Yombu,2
1839,S,2016-03-26,InCompleted,Mydo,295,334,Rooxo,1
1840,S,2016-01-09,InCompleted,Skyba,472,440,Jaxbean,3
1841,S,2016-03-14,Completed,Innotype,422,260,Meembee,3
1842,S,2015-12-19,Completed,Kwimbee,275,1425,Fliptune,2
1843,S,2016-08-14,InCompleted,Meeveo,159,555,Dablist,3
1844,B,2016-03-01,InCompleted,Janyx,26,647,DabZ,1
1845,B,2016-04-19,InCompleted,Zoonder,102,1459,Babbleset,2
1846,B,2016-05-07,Completed,Gabspot,166,1245,Skyble,3
1847,S,2016-08-06,Completed,Ozu,115,205,Dabshots,2
1848,S,2016-05-06,Completed,Flipstorm,3,1023,Photobug,1
1849,B,2015-11-18,Completed,Centidel,240,591,Zazio,1
1850,S,2015-09-14,Completed,Avamba,45,674,Brainsphere,3
1851,S,2015-10-01,Completed,BlogXS,377,1426,LiveZ,2
1852,B,2016-04-03,InCompleted,Edgeify,125,386,Skalith,1
1853,S,2016-02-29,Completed,Tagchat,401,865,Meezzy,2
1854,S,2016-05-15,InCompleted,Rhynyx,131,442,LiveZ,3
1855,S,2016-08-10,Completed,Linktype,241,627,Rhynoodle,3
1856,B,2016-06-15,InCompleted,Trilia,27,562,Linktype,2
1857,S,2016-02-20,InCompleted,Feedbug,168,1435,Ntag,3
1858,B,2016-03-29,Completed,Minyx,309,552,Demimbu,3
1859,S,2016-02-06,Completed,Skidoo,230,218,Quatz,3
1860,B,2016-07-20,InCompleted,Demizz,208,909,Leexo,2
1861,S,2015-10-16,Completed,Yakitri,453,779,Rhycero,3
1862,S,2016-04-12,InCompleted,Photojam,159,996,Browsecat,3
1863,S,2016-07-24,InCompleted,Yadel,204,963,Devpulse,2
1864,B,2016-01-03,InCompleted,Meedoo,236,25,Feedbug,3
1865,S,2015-10-16,InCompleted,Meeveo,116,850,Photobug,2
1866,S,2015-11-06,Completed,Mymm,111,944,Quire,3
1867,B,2015-12-08,InCompleted,Jazzy,13,904,Photospace,2
1868,B,2016-05-06,Completed,Jaxspan,118,420,Trilia,3
1869,B,2015-12-22,Completed,Flipstorm,494,1218,Topicware,2
1870,B,2016-07-06,InCompleted,Twiyo,355,1144,Feednation,3
1871,B,2016-04-04,InCompleted,Dabtype,286,1324,Babbleopia,3
1872,S,2016-07-17,InCompleted,Feednation,472,743,Photolist,3
1873,B,2015-11-21,Completed,Jabbertype,99,1030,Twitterlist,1
1874,B,2015-09-04,InCompleted,Thoughtsphere,150,1262,Topicblab,3
1875,B,2016-07-08,Completed,Voonyx,240,33,Shuffledrive,3
1876,B,2016-03-23,Completed,Edgetag,415,1506,Vipe,3
1877,S,2015-12-16,InCompleted,Jabbersphere,36,1492,Realbuzz,3
1878,S,2015-10-23,InCompleted,Babbleset,263,1480,Feedbug,2
1879,B,2016-04-03,InCompleted,Kamba,143,1055,Pixonyx,1
1880,S,2015-09-08,InCompleted,Kanoodle,118,466,Wordpedia,1
1881,S,2015-10-16,InCompleted,Shuffledrive,408,4,Jabberstorm,1
1882,S,2016-06-20,InCompleted,Brightdog,470,480,Fanoodle,2
1883,S,2016-04-15,InCompleted,Izio,359,675,Edgewire,3
1884,B,2015-12-27,InCompleted,Zoonder,34,1203,Gigaclub,1
1885,B,2016-04-11,InCompleted,Gabtune,111,1277,Riffwire,1
1886,B,2016-07-05,InCompleted,Lazzy,450,1425,Fivespan,3
1887,S,2015-09-19,InCompleted,Gabvine,156,454,Livepath,3
1888,B,2015-12-27,Completed,BlogXS,409,1393,Zoomdog,2
1889,B,2016-01-24,Completed,Skyble,53,646,Photojam,1
1890,B,2015-10-17,Completed,Vitz,319,209,Edgewire,2
1891,B,2016-03-01,InCompleted,JumpXS,188,1160,Jatri,3
1892,B,2015-10-16,Completed,Mudo,300,1109,Wikizz,2
1893,B,2016-02-27,Completed,Skinix,106,1277,Flipopia,1
1894,B,2016-03-22,InCompleted,Nlounge,499,800,Gabspot,1
1895,B,2016-02-11,InCompleted,Twimm,302,1223,Skipstorm,3
1896,B,2016-06-28,InCompleted,Blognation,46,1061,Kwilith,2
1897,B,2015-09-17,InCompleted,Kwilith,244,1023,Eidel,3
1898,S,2016-04-12,InCompleted,Ntag,140,93,Zooxo,3
1899,S,2016-08-23,InCompleted,Cogibox,349,1272,Wikibox,1
1900,S,2016-08-09,Completed,Zoombox,435,1261,Kwinu,3
1901,B,2016-03-29,InCompleted,Shufflester,450,281,Brainsphere,3
1902,S,2016-06-15,InCompleted,Lazz,167,542,Oloo,3
1903,B,2015-11-22,Completed,Gabvine,36,574,Avavee,1
1904,B,2015-09-02,InCompleted,Muxo,50,90,Zazio,3
1905,B,2015-12-27,InCompleted,Zoombox,467,1500,Quinu,1
1906,S,2016-07-31,Completed,Meemm,337,262,Edgewire,1
1907,S,2016-01-10,InCompleted,Twinte,164,988,Fivespan,3
1908,B,2015-09-23,InCompleted,Jabberstorm,356,1224,Innotype,1
1909,S,2016-05-12,InCompleted,Livefish,372,523,Kwideo,1
1910,B,2016-04-13,InCompleted,Quatz,45,393,Ntag,1
1911,B,2015-10-16,InCompleted,Zoozzy,499,306,Realblab,3
1912,S,2016-03-29,Completed,Wordtune,158,522,Tambee,3
1913,B,2016-06-18,InCompleted,Zava,339,805,Skinder,3
1914,B,2016-04-22,Completed,Realcube,478,21,Dabfeed,1
1915,S,2016-05-14,Completed,Yozio,194,1056,Pixope,1
1916,B,2016-07-17,InCompleted,Mybuzz,483,480,Yodo,2
1917,B,2015-10-23,Completed,Zoombeat,271,335,DabZ,1
1918,S,2015-12-08,InCompleted,Skyba,298,1439,Blogtags,3
1919,S,2015-09-28,Completed,Bluejam,260,548,Shuffledrive,3
1920,S,2016-05-08,InCompleted,Lazzy,245,134,Zoovu,3
1921,B,2016-05-02,InCompleted,Wikido,437,125,Fatz,3
1922,S,2016-02-22,InCompleted,Roodel,167,590,Rhycero,3
1923,B,2016-05-04,Completed,Gigabox,382,801,Photospace,1
1924,B,2016-01-27,InCompleted,Eadel,226,1187,Jabbertype,2
1925,B,2015-11-27,Completed,Jaxbean,445,1248,Youbridge,2
1926,S,2016-01-29,Completed,Tagopia,475,1054,Skyndu,3
1927,S,2016-08-22,InCompleted,Gabtune,303,31,Photobug,2
1928,B,2015-09-05,Completed,Youopia,143,18,Realmix,2
1929,B,2016-08-10,Completed,Shufflebeat,136,567,Shuffledrive,3
1930,S,2016-05-24,Completed,Mycat,101,79,Rhycero,1
1931,S,2016-08-18,InCompleted,Fivespan,380,910,Eazzy,3
1932,S,2015-10-07,Completed,Skibox,310,1058,Zoovu,3
1933,S,2016-07-02,Completed,Centizu,39,1506,Cogidoo,3
1934,S,2015-10-08,Completed,Jaxworks,134,735,Mynte,3
1935,S,2016-03-01,InCompleted,Jaxspan,60,1162,Oyoyo,1
1936,S,2015-11-09,InCompleted,Vipe,390,930,Kazu,1
1937,S,2016-08-02,InCompleted,Skynoodle,88,1436,Tagpad,3
1938,B,2015-12-10,InCompleted,Mudo,331,131,Plambee,3
1939,S,2016-02-24,InCompleted,Snaptags,244,520,Avavee,2
1940,B,2015-09-22,InCompleted,Realbridge,430,1039,Oyope,3
1941,B,2015-10-28,Completed,Quaxo,262,1390,Youbridge,3
1942,B,2015-11-25,InCompleted,Flashpoint,69,342,Meemm,1
1943,B,2015-11-29,InCompleted,Flipbug,406,822,Skivee,3
1944,B,2015-09-16,InCompleted,Plambee,271,555,Digitube,2
1945,S,2015-12-02,InCompleted,Browsetype,413,319,Jabbertype,3
1946,B,2015-10-11,Completed,Tazzy,20,27,Yodo,3
1947,B,2015-11-20,InCompleted,Skyndu,447,549,Trunyx,3
1948,S,2015-11-11,InCompleted,Meedoo,45,278,Riffpedia,3
1949,B,2016-07-24,InCompleted,Janyx,136,505,Kimia,3
1950,S,2016-08-12,InCompleted,Skiba,194,1227,Wikizz,3
1951,B,2016-03-06,InCompleted,Flashset,369,728,Skyndu,1
1952,S,2015-12-08,Completed,Brainverse,325,1472,Meejo,3
1953,B,2016-01-29,Completed,Voonte,463,248,Dynabox,3
1954,B,2016-07-14,InCompleted,Abatz,485,1375,Wikibox,1
1955,B,2016-04-01,Completed,Jabberstorm,264,513,Camimbo,1
1956,S,2016-08-18,Completed,Thoughtworks,165,346,Linkbuzz,1
1957,S,2016-03-04,Completed,Wikibox,243,665,Feedmix,3
1958,S,2015-12-31,Completed,Ozu,296,363,Shuffledrive,1
1959,B,2015-12-25,Completed,Pixoboo,215,1348,Zooveo,3
1960,S,2016-08-02,InCompleted,Yadel,385,440,Twitterbridge,1
1961,B,2015-10-25,InCompleted,Realpoint,495,128,Quatz,2
1962,S,2016-08-11,InCompleted,Quimm,84,157,InnoZ,3
1963,S,2016-02-15,Completed,Centimia,473,1388,Shuffledrive,3
1964,B,2016-08-11,Completed,Realcube,103,269,Centidel,3
1965,B,2016-02-18,InCompleted,Realpoint,241,1260,Twitterbeat,3
1966,S,2016-03-16,InCompleted,Quinu,435,476,Brainlounge,2
1967,B,2015-09-10,InCompleted,Skyba,323,533,Zoozzy,2
1968,B,2016-03-07,InCompleted,Linktype,146,187,Tambee,2
1969,B,2015-09-08,InCompleted,Realbuzz,252,665,Kazio,1
1970,S,2016-07-21,InCompleted,Fiveclub,118,1517,Skinte,3
1971,S,2015-09-07,Completed,Flipstorm,227,805,Bubblemix,3
1972,S,2016-07-30,Completed,Kazio,312,254,Tagchat,2
1973,S,2016-02-04,InCompleted,Zoombox,338,1290,Dabjam,1
1974,S,2016-05-20,Completed,Skimia,382,1015,Mymm,2
1975,B,2015-12-08,InCompleted,Feednation,202,1087,Pixope,3
1976,S,2016-05-19,InCompleted,Pixonyx,381,492,Quinu,3
1977,B,2015-12-03,Completed,Dynazzy,493,1483,Agimba,3
1978,B,2016-02-04,InCompleted,Topicware,472,216,Divanoodle,3
1979,B,2015-10-17,InCompleted,Yata,120,1026,Livetube,2
1980,B,2016-05-19,InCompleted,Fiveclub,265,565,Jabberbean,3
1981,S,2015-09-12,Completed,Wikido,437,306,Zooveo,3
1982,S,2015-09-07,InCompleted,JumpXS,466,921,Twinder,1
1983,S,2016-03-23,Completed,Youtags,87,1478,Fivebridge,3
1984,S,2015-11-04,InCompleted,Ozu,371,1181,Eire,2
1985,S,2015-11-21,Completed,Avavee,257,762,Brainbox,2
1986,B,2016-06-04,InCompleted,Oba,405,580,Demimbu,3
1987,B,2015-09-22,InCompleted,Skalith,221,664,Twimbo,1
1988,B,2016-04-15,Completed,Cogidoo,486,514,Jaxspan,3
1989,B,2015-11-23,Completed,Skimia,95,401,Livepath,2
1990,B,2016-02-01,Completed,Quatz,403,890,Vitz,3
1991,B,2016-08-25,Completed,Devshare,57,1040,Tanoodle,1
1992,S,2015-10-10,InCompleted,Roomm,243,1292,Skyble,2
1993,B,2016-07-03,InCompleted,Wikido,269,846,Trilith,3
1994,S,2015-10-01,InCompleted,Devshare,373,531,Oyonder,2
1995,S,2015-09-15,Completed,Skynoodle,217,1368,Kazu,2
1996,B,2016-08-05,InCompleted,Yabox,370,872,Kaymbo,1
1997,S,2015-12-22,Completed,Bluejam,353,987,Wordpedia,2
1998,B,2016-05-02,Completed,Zazio,299,1103,Yodo,1
1999,B,2015-12-27,Completed,Fivespan,293,710,Kanoodle,1
